{"stats":{"minecraft:used":{"minecraft:deepslate_tiles":15,"minecraft:cyan_terracotta":10,"minecraft:lever":2,"minecraft:oxidized_cut_copper":3,"minecraft:black_concrete":28,"minecraft:sea_lantern":1,"minecraft:potion":1,"minecraft:written_book":163,"minecraft:barrier":4,"minecraft:crossbow":1,"minecraft:spruce_sign":2,"minecraft:warped_planks":3,"minecraft:splash_potion":8,"minecraft:milk_bucket":1,"minecraft:netherite_sword":2,"minecraft:purpur_block":4},"minecraft:dropped":{"minecraft:paper":64,"minecraft:splash_potion":4},"minecraft:picked_up":{"minecraft:lingering_potion":1,"minecraft:barrier":1,"minecraft:splash_potion":5,"minecraft:potion":3,"minecraft:glass_bottle":2},"minecraft:killed_by":{"minecraft:player":1},"minecraft:custom":{"minecraft:time_since_rest":67879,"minecraft:damage_taken":730,"minecraft:crouch_one_cm":7065,"minecraft:sprint_one_cm":25034,"minecraft:play_time":303246,"minecraft:deaths":3,"minecraft:walk_one_cm":146394,"minecraft:sneak_time":5165,"minecraft:drop":5,"minecraft:jump":1450,"minecraft:damage_dealt":314,"minecraft:leave_game":10,"minecraft:time_since_death":67630,"minecraft:total_world_time":303246,"minecraft:fall_one_cm":1184,"minecraft:fly_one_cm":848648}},"DataVersion":2730}