{"stats":{"minecraft:used":{"minecraft:calcite":76,"minecraft:purpur_block":439,"minecraft:netherite_sword":3,"minecraft:writable_book":3,"minecraft:birch_planks":1,"minecraft:carved_pumpkin":9,"minecraft:witch_spawn_egg":1,"minecraft:armor_stand":114,"minecraft:redstone":34,"minecraft:dark_oak_sign":2,"minecraft:lime_wool":5,"minecraft:blue_wool":6,"minecraft:light_blue_terracotta":2,"minecraft:stripped_warped_stem":1,"minecraft:spruce_planks":181,"minecraft:tinted_glass":269,"minecraft:white_terracotta":4,"minecraft:stone":38,"minecraft:redstone_block":2,"minecraft:spruce_sign":8,"minecraft:white_dye":1,"minecraft:beacon":2,"minecraft:glow_ink_sac":1,"minecraft:smooth_sandstone_stairs":8,"minecraft:oxidized_cut_copper":144,"minecraft:glow_item_frame":118,"minecraft:polished_blackstone_pressure_plate":1,"minecraft:spyglass":9,"minecraft:birch_pressure_plate":2,"minecraft:dirt":3,"minecraft:purpur_stairs":1,"minecraft:anvil":2,"minecraft:stripped_dark_oak_log":11,"minecraft:crafting_table":2,"minecraft:birch_sign":4,"minecraft:weathered_cut_copper_slab":6,"minecraft:chiseled_quartz_block":1,"minecraft:acacia_button":1,"minecraft:tuff":1,"minecraft:granite":1,"minecraft:cake":1,"minecraft:warped_planks":206,"minecraft:crimson_fence_gate":1,"minecraft:milk_bucket":15,"minecraft:piston":1,"minecraft:dark_oak_planks":10,"minecraft:deepslate_tiles":1320,"minecraft:crimson_button":2,"minecraft:glass":73,"minecraft:lever":67,"minecraft:black_wool":3,"minecraft:black_concrete":1511,"minecraft:light":108,"minecraft:sea_lantern":148,"minecraft:cyan_terracotta":2024,"minecraft:bricks":220,"minecraft:coal_ore":169,"minecraft:command_block":134,"minecraft:red_wool":14,"minecraft:grass_block":237,"minecraft:brown_wool":7,"minecraft:spruce_button":1,"minecraft:oak_button":10,"minecraft:barrier":68,"minecraft:iron_pickaxe":6,"minecraft:stone_button":2,"minecraft:quartz_block":1,"minecraft:spruce_pressure_plate":1,"minecraft:gray_concrete_powder":9,"minecraft:purpur_slab":5,"minecraft:spruce_trapdoor":1,"minecraft:oak_pressure_plate":1,"minecraft:smooth_quartz":106,"minecraft:diamond_ore":7,"minecraft:dark_oak_button":1,"minecraft:crimson_planks":388,"minecraft:flowering_azalea_leaves":4,"minecraft:yellow_wool":6,"minecraft:item_frame":335,"minecraft:stripped_warped_hyphae":165,"minecraft:birch_button":45,"minecraft:birch_trapdoor":16,"minecraft:diamond_sword":6,"minecraft:coal_block":212,"minecraft:repeater":42,"minecraft:potion":28,"minecraft:azalea_leaves":4,"minecraft:magenta_wool":97,"minecraft:written_book":3526,"minecraft:jungle_button":1,"minecraft:warped_fence_gate":1,"minecraft:birch_log":8,"minecraft:white_stained_glass":74,"minecraft:chain_command_block":1,"minecraft:gold_block":48,"minecraft:glass_pane":2,"minecraft:repeating_command_block":17,"minecraft:smooth_stone_slab":1,"minecraft:polished_blackstone_button":11,"minecraft:white_concrete":135,"minecraft:cobbled_deepslate":2,"minecraft:warped_button":1,"minecraft:observer":8,"minecraft:gray_stained_glass":6,"minecraft:purple_wool":51,"minecraft:smooth_stone":67,"minecraft:cobweb":12},"minecraft:custom":{"minecraft:interact_with_anvil":2,"minecraft:mob_kills":2,"minecraft:interact_with_crafting_table":2,"minecraft:leave_game":99,"minecraft:time_since_death":2773230,"minecraft:time_since_rest":2773254,"minecraft:sprint_one_cm":307734,"minecraft:damage_taken":140,"minecraft:walk_one_cm":1992951,"minecraft:drop":29,"minecraft:damage_dealt":500,"minecraft:talked_to_villager":7,"minecraft:fly_one_cm":7723024,"minecraft:crouch_one_cm":63251,"minecraft:play_time":2775378,"minecraft:deaths":7,"minecraft:sneak_time":50769,"minecraft:jump":11445,"minecraft:total_world_time":7987640,"minecraft:fall_one_cm":3436},"minecraft:mined":{"minecraft:diamond_ore":6},"minecraft:dropped":{"minecraft:compass":1,"minecraft:clock":1,"minecraft:diamond":7,"minecraft:nether_brick":9,"minecraft:copper_ingot":1,"minecraft:emerald":3,"minecraft:cyan_terracotta":1,"minecraft:firework_star":4,"minecraft:deepslate_tiles":1,"minecraft:paper":1},"minecraft:killed":{"minecraft:witch":1,"minecraft:villager":1},"minecraft:picked_up":{"minecraft:firework_star":5,"minecraft:clock":1,"minecraft:birch_button":19,"minecraft:nether_brick":12,"minecraft:paper":1,"minecraft:compass":1,"minecraft:item_frame":9,"minecraft:deepslate_tiles":1,"minecraft:written_book":1,"minecraft:glowstone_dust":2,"minecraft:stone":2,"minecraft:glow_item_frame":8,"minecraft:copper_ingot":1,"minecraft:redstone":1,"minecraft:diamond":9,"minecraft:lever":12,"minecraft:polished_blackstone_button":2,"minecraft:oak_button":1,"minecraft:coal":5,"minecraft:cobblestone":146},"minecraft:crafted":{"minecraft:diamond_helmet":1,"minecraft:diamond_leggings":1,"minecraft:leather_chestplate":4,"minecraft:diamond_boots":1,"minecraft:diamond_chestplate":1}},"DataVersion":2730}