{"stats":{"minecraft:used":{"minecraft:dirt":1,"minecraft:sugar_cane":6},"minecraft:picked_up":{"minecraft:wheat_seeds":2,"minecraft:sugar_cane":6,"minecraft:dirt":1},"minecraft:custom":{"minecraft:time_since_rest":1427,"minecraft:crouch_one_cm":158,"minecraft:play_time":3712,"minecraft:sprint_one_cm":10486,"minecraft:deaths":1,"minecraft:walk_one_cm":3994,"minecraft:sneak_time":33,"minecraft:walk_under_water_one_cm":75,"minecraft:jump":95,"minecraft:damage_dealt":30,"minecraft:leave_game":2,"minecraft:walk_on_water_one_cm":382,"minecraft:time_since_death":1398,"minecraft:total_world_time":3712,"minecraft:swim_one_cm":166,"minecraft:fly_one_cm":27789,"minecraft:fall_one_cm":2090},"minecraft:mined":{"minecraft:short_grass":31,"minecraft:grass_block":1,"minecraft:tall_grass":2,"minecraft:sugar_cane":2}},"DataVersion":3955}