{"stats":{"minecraft:used":{"minecraft:lever":1,"minecraft:black_concrete":1,"minecraft:dirt":1,"minecraft:potion":4,"minecraft:written_book":226,"minecraft:lingering_potion":3,"minecraft:splash_potion":8},"minecraft:dropped":{"minecraft:glass_bottle":1,"minecraft:diamond":1},"minecraft:picked_up":{"minecraft:splash_potion":4,"minecraft:barrier":1,"minecraft:dirt":1,"minecraft:paper":64},"minecraft:mined":{"minecraft:dirt":1,"minecraft:sea_lantern":1},"minecraft:killed_by":{"minecraft:player":2},"minecraft:custom":{"minecraft:time_since_rest":118536,"minecraft:crouch_one_cm":6030,"minecraft:sprint_one_cm":53511,"minecraft:play_time":286332,"minecraft:deaths":3,"minecraft:damage_taken":1004,"minecraft:walk_one_cm":151780,"minecraft:sneak_time":3052,"minecraft:drop":2,"minecraft:jump":2558,"minecraft:damage_dealt":640,"minecraft:leave_game":2,"minecraft:time_since_death":118498,"minecraft:total_world_time":286332,"minecraft:player_kills":1,"minecraft:fall_one_cm":6272,"minecraft:fly_one_cm":207188}},"DataVersion":2730}