{"stats":{"minecraft:used":{"minecraft:calcite":16,"minecraft:purpur_block":156,"minecraft:netherite_sword":10,"minecraft:water_bucket":1,"minecraft:waxed_oxidized_cut_copper_slab":4,"minecraft:blue_terracotta":3,"minecraft:writable_book":1,"minecraft:iron_ore":7,"minecraft:cobblestone_stairs":7,"minecraft:warped_fungus_on_a_stick":739,"minecraft:cut_copper_slab":16,"minecraft:armor_stand":3,"minecraft:gray_carpet":13,"minecraft:dark_oak_sign":10,"minecraft:carrot_on_a_stick":2524,"minecraft:lime_wool":8,"minecraft:light_gray_carpet":10,"minecraft:black_carpet":3,"minecraft:spruce_planks":31,"minecraft:tinted_glass":746,"minecraft:stone":38,"minecraft:redstone_block":4,"minecraft:glow_ink_sac":8,"minecraft:cobblestone_slab":9,"minecraft:torch":4,"minecraft:oxidized_cut_copper":123,"minecraft:glow_item_frame":14,"minecraft:dirt":3,"minecraft:orange_carpet":2,"minecraft:target":6,"minecraft:stripped_dark_oak_log":7,"minecraft:yellow_terracotta":4,"minecraft:white_carpet":9,"minecraft:oak_slab":3,"minecraft:loom":1,"minecraft:waxed_weathered_cut_copper_slab":4,"minecraft:spruce_stairs":2,"minecraft:birch_sign":28,"minecraft:weathered_cut_copper_stairs":15,"minecraft:weathered_cut_copper_slab":12,"minecraft:diamond_helmet":1,"minecraft:crossbow":3,"minecraft:yellow_carpet":11,"minecraft:pink_carpet":2,"minecraft:acacia_button":3,"minecraft:painting":1,"minecraft:granite":19,"minecraft:warped_planks":176,"minecraft:milk_bucket":8,"minecraft:deepslate_tiles":70,"minecraft:redstone_torch":4,"minecraft:brown_terracotta":4,"minecraft:glass":92,"minecraft:crimson_button":1,"minecraft:lever":13,"minecraft:cyan_terracotta":379,"minecraft:light":538,"minecraft:sea_lantern":94,"minecraft:black_concrete":1543,"minecraft:black_wool":65,"minecraft:bricks":33,"minecraft:coal_ore":106,"minecraft:yellow_stained_glass":1,"minecraft:command_block":93,"minecraft:lime_carpet":1,"minecraft:quartz_slab":6,"minecraft:red_wool":9,"minecraft:deepslate_iron_ore":8,"minecraft:iron_block":106,"minecraft:grass_block":664,"minecraft:stone_button":29,"minecraft:string":1,"minecraft:barrier":151,"minecraft:map":2,"minecraft:jungle_stairs":2,"minecraft:polished_granite":2,"minecraft:smooth_quartz":63,"minecraft:lime_dye":5,"minecraft:raw_gold_block":9,"minecraft:crimson_planks":76,"minecraft:golden_helmet":2,"minecraft:item_frame":230,"minecraft:stripped_warped_hyphae":89,"minecraft:blue_carpet":2,"minecraft:birch_button":1,"minecraft:repeater":15,"minecraft:cobblestone":590,"minecraft:warped_stairs":2,"minecraft:red_carpet":5,"minecraft:redstone_lamp":23,"minecraft:waxed_cut_copper_slab":21,"minecraft:bow":8,"minecraft:potion":13,"minecraft:magenta_wool":41,"minecraft:written_book":2515,"minecraft:acacia_pressure_plate":1,"minecraft:waxed_oxidized_cut_copper_stairs":1,"minecraft:white_stained_glass":18,"minecraft:andesite":6,"minecraft:glass_pane":3,"minecraft:gold_block":3,"minecraft:repeating_command_block":7,"minecraft:polished_blackstone_button":30,"minecraft:stone_pressure_plate":1,"minecraft:red_dye":5,"minecraft:smooth_stone":5,"minecraft:purple_wool":15,"minecraft:birch_stairs":11},"minecraft:killed":{"minecraft:pig":2,"minecraft:sheep":3,"minecraft:villager":1},"minecraft:custom":{"minecraft:mob_kills":6,"minecraft:interact_with_loom":1,"minecraft:leave_game":151,"minecraft:time_since_death":4117625,"minecraft:time_since_rest":4117625,"minecraft:sprint_one_cm":473376,"minecraft:damage_taken":630,"minecraft:walk_one_cm":2442099,"minecraft:drop":94,"minecraft:damage_dealt":858,"minecraft:talked_to_villager":2179,"minecraft:target_hit":7,"minecraft:fly_one_cm":10616300,"minecraft:crouch_one_cm":125134,"minecraft:play_time":4117625,"minecraft:sneak_time":119814,"minecraft:jump":12573,"minecraft:total_world_time":16140496,"minecraft:fall_one_cm":18180},"minecraft:dropped":{"minecraft:warped_fungus_on_a_stick":13,"minecraft:hopper_minecart":1,"minecraft:orange_stained_glass":3,"minecraft:grass_block":65,"minecraft:coal":1,"minecraft:paper":8,"minecraft:white_stained_glass":2,"minecraft:redstone_block":1},"minecraft:picked_up":{"minecraft:black_carpet":1,"minecraft:redstone_block":1,"minecraft:warped_fungus_on_a_stick":3,"minecraft:nether_brick":4,"minecraft:orange_stained_glass":3,"minecraft:paper":3,"minecraft:white_stained_glass":2,"minecraft:item_frame":7,"minecraft:red_carpet":1,"minecraft:dark_oak_sign":5,"minecraft:hopper_minecart":1,"minecraft:glow_item_frame":14,"minecraft:porkchop":5,"minecraft:grass_block":65,"minecraft:polished_blackstone_button":3,"minecraft:birch_sign":7,"minecraft:light_gray_carpet":2,"minecraft:coal":1,"minecraft:mutton":5,"minecraft:white_wool":3}},"DataVersion":2975}